Stations,Station_velocity_E,Station_velocity_N,Station_velocity_U,Residual_STD_E,Residual_STD_N,Residual_STD_U
The proposed array-free solution,-5.74881216809605,0.386990815378143,-3.20005805573037,3.92732950292005,5.46674264459789,8.50295815712601
GARPOS array-free solution,-5.3923683626733,0.448100364945574,-3.25250014073046,5.1927954838677,6.21035759526836,10.5574289083721
The proposed rigid array solution,-5.88662131420189,0.901611875938123,-3.07263505632163,2.91926150392229,3.24517447987596,3.54596608482762
GARPOS array-fixed slotion,-5.74524336533163,1.18732321762518,-3.17859823688507,3.25918374490842,3.3044889052668,3.59477121999591
